http://wear.jp/torusaji25/7155962/,http://i7.wimg.jp/closet/7msfo6/20160530202708945_215.jpg,,,,ブルー系,,,
http://wear.jp/karl74109/7158510/,,,,http://i7.wimg.jp/closet/11dwr6/20141229160037036_215.jpg,,,,グレー系
http://wear.jp/guts1023/7137003/,,,,,,,,
http://wear.jp/masa523gemini/7152337/,http://i7.wimg.jp/closet/8w9x6e/20160514111918396_215.jpg,http://i7.wimg.jp/closet/8w9x6e/20160522193413540_215.jpg,,http://i7.wimg.jp/closet/8w9x6e/20160514111948986_215.jpg,ブラック系,ホワイト系,,ブラック系
http://wear.jp/mezaseyakuman/7165273/,http://i7.wimg.jp/closet/mjredp/20160202120615295_215.jpg,http://i7.wimg.jp/closet/mjredp/20160213022444102_215.jpg,,http://img5.zozo.jp/goodsimages/412/7489412/7489412_1_d_215.jpg,ホワイト系,ホワイト系,,ホワイト系
http://wear.jp/tsubasa_xox/7315509/,http://img5.zozo.jp/goodsimages/117/8363117/8363117B_154_D_215.jpg,,,,グレー系,,,
http://wear.jp/ryohei1026/7135446/,http://img5.zozo.jp/goodsimages/160/11181160/11181160_8_D_215.jpg,http://img5.zozo.jp/goodsimages/370/12116370/12116370B_1_D_215.jpg,,http://img5.zozo.jp/goodsimages/145/9598145/9598145B_33_D_215.jpg,ブラック系,ホワイト系,,ブルー系
http://wear.jp/takuyaokayama/7274447/,,,,,,,,
http://wear.jp/kijhrt/7132831/,http://i7.wimg.jp/closet/a196vx/20151021205221556_215.jpg,http://img5.zozo.jp/goodsimages/617/9199617/9199617B_18_D_215.jpg,http://i7.wimg.jp/closet/a196vx/20160319215547432_215.jpg,http://i7.wimg.jp/closet/a196vx/20160419012839936_215.jpg,ブラック系,グレー系,その他,ブルー系
http://wear.jp/tata0406/7179539/,http://i7.wimg.jp/closet/13gx2h/20160608161524951_215.jpg,,,http://i7.wimg.jp/closet/13gx2h/20160405072444061_215.jpg,グリーン系,,,ブラック系
http://wear.jp/kouki1213/7218536/,http://img5.zozo.jp/goodsimages/299/8000299/8000299B_8_D_215.jpg,,,http://img5.zozo.jp/goodsimages/654/9477654/9477654B_8_D_215.jpg,ブラック系,,,ブラック系
http://wear.jp/earth10115/7260628/,http://i7.wimg.jp/closet/tzon2w/20160126173237090_215.jpg,,,http://i7.wimg.jp/closet/tzon2w/20160619140655624_215.jpg,ホワイト系,,,ブルー系
http://wear.jp/takao55/7130530/,http://i7.wimg.jp/closet/x5mfy3/20160602171707483_215.jpg,,,http://i7.wimg.jp/closet/x5mfy3/20160602171941914_215.jpg,グレー系,,,ブルー系
http://wear.jp/souta12084937/7296587/,http://i7.wimg.jp/closet/d2r6k7/20160608020349635_215.jpg,http://img5.zozo.jp/goodsimages/636/12062636/12062636B_1_D_215.jpg,,http://i7.wimg.jp/closet/d2r6k7/20160608024404213_215.jpg,グレー系,ホワイト系,,ブルー系
http://wear.jp/woockeyta/7188422/,http://img5.zozo.jp/goodsimages/577/10192577/10192577B_38_D_215.jpg,,,http://i7.wimg.jp/item/9070510/b1bb0ee2f7761/20150709045047435_215.jpg,ホワイト系,,,ブラック系
http://wear.jp/leyline0711/7119236/,http://i7.wimg.jp/item/14342227/20160530131832799/20160530131832799_215.jpg,,,http://i7.wimg.jp/closet/ucmgd2/20160601112342746_215.jpg,ホワイト系,,,ブルー系
http://wear.jp/kenshiro0422/7292274/,http://i7.wimg.jp/closet/naht1p/20160622183457159_215.jpg,http://i7.wimg.jp/item/8476639/650b5150d27aa/20150629055649139_215.jpg,,http://i7.wimg.jp/closet/naht1p/20160817013842115_215.jpg,ブルー系,ホワイト系,,ブラック系
http://wear.jp/wacky126/7212558/,http://i7.wimg.jp/closet/5qca48/20160612161757434_215.jpg,,,http://i7.wimg.jp/closet/5qca48/20160612161818727_215.jpg,グレー系,,,ブラック系
http://wear.jp/igahiro/7184215/,http://i7.wimg.jp/closet/jkyqzc/20160310012426932_215.jpg,http://img5.zozo.jp/goodsimages/098/11486098/11486098_1_D_215.jpg,,http://i7.wimg.jp/item/8477227/d6259046026f3/20150520093133071_215.jpg,ブルー系,ホワイト系,,ブラック系
http://wear.jp/fukugaskipoolkk/7229331/,http://img5.zozo.jp/goodsimages/455/11709455/11709455B_14_D_215.jpg,http://img5.zozo.jp/goodsimages/379/6840379/6840379B_1_D_215.jpg,,http://img5.zozo.jp/goodsimages/040/11833040/11833040B_8_D_215.jpg,ベージュ系,ホワイト系,,ブラック系
http://wear.jp/leftybaby/7266405/,http://img5.zozo.jp/goodsimages/435/11956435/11956435B_8_D_215.jpg,http://i7.wimg.jp/closet/0rckxn/20160619124225877_215.jpg,,http://i7.wimg.jp/closet/0rckxn/20160619124629041_215.jpg,ブラック系,ホワイト系,,ブルー系
http://wear.jp/ha0457a/7315211/,http://img5.zozo.jp/goodsimages/245/12638245/12638245B_14_D_215.jpg,http://img5.zozo.jp/goodsimages/836/12606836/12606836B_14_D_215.jpg,,http://img5.zozo.jp/goodsimages/770/12157770/12157770B_14_D_215.jpg,ベージュ系,ベージュ系,,ベージュ系
http://wear.jp/liberalism7/7165189/,,,,,,,,
http://wear.jp/kitsune24/7172575/,http://i7.wimg.jp/item/7623750/5628f8bb89058/20150314204513766_215.jpg,http://img5.zozo.jp/goodsimages/136/11668136/11668136_18_D_215.jpg,,http://img5.zozo.jp/goodsimages/284/6451284/6451284B_132_D_215.jpg,ブラック系,グレー系,,その他
http://wear.jp/izow/7143508/,http://i7.wimg.jp/closet/s6sczq/20160604102548843_215.jpg,,,http://i7.wimg.jp/closet/s6sczq/20160604112145070_215.jpg,ブルー系,,,ベージュ系
http://wear.jp/3287yo/7265472/,http://img5.zozo.jp/goodsimages/780/11988780/11988780B_16_D_215.jpg,http://img5.zozo.jp/goodsimages/713/12191713/12191713_1_D_215.jpg,,http://img5.zozo.jp/goodsimages/717/6913717/6913717B_5_D_215.jpg,ブルー系,ホワイト系,,ブルー系
http://wear.jp/nesai/7161834/,http://i7.wimg.jp/closet/fq95ru/20160606124537440_215.jpg,,,http://i7.wimg.jp/closet/fq95ru/20161029171355885_215.jpg,グレー系,,,ホワイト系
http://wear.jp/oillnomura/7118276/,http://i7.wimg.jp/closet/8cewrs/20160526095942820_215.jpg,,,http://img5.zozo.jp/goodsimages/341/4401341/4401341_33_D_215.jpg,ブラック系,,,ブルー系
http://wear.jp/leyline0629/7245868/,http://i7.wimg.jp/item/14342227/20160530131832799/20160530131832799_215.jpg,http://i7.wimg.jp/closet/abjmb7/20160607060817762_215.jpg,,,ホワイト系,ブルー系,,
http://wear.jp/repopoo/7279098/,http://i7.wimg.jp/closet/mtav7h/20160613224809634_215.jpg,http://img5.zozo.jp/goodsimages/370/12116370/12116370B_1_D_215.jpg,,http://img5.zozo.jp/goodsimages/833/8787833/8787833_8_D_215.jpg,グリーン系,ホワイト系,,ブラック系
http://wear.jp/kitsunesan/7209791/,http://img5.zozo.jp/goodsimages/848/11369848/11369848B_160_D_215.jpg,http://img5.zozo.jp/goodsimages/840/11435840/11435840B_18_D_215.jpg,,http://img5.zozo.jp/goodsimages/730/11884730/11884730_21_D_215.jpg,ベージュ系,グレー系,,グリーン系
http://wear.jp/luisluminemanshibuya/7157164/,http://img5.zozo.jp/goodsimages/938/11832938/11832938B_18_D_215.jpg,http://img5.zozo.jp/goodsimages/596/12427596/12427596_1_D_215.jpg,,http://img5.zozo.jp/goodsimages/655/12190655/12190655_8_D_215.jpg,グレー系,ホワイト系,,ブラック系
http://wear.jp/aa115758/7143091/,,,,,,,,
http://wear.jp/mochi002/6997209/,http://i7.wimg.jp/closet/u803po/20160516184642095_215.jpg,,,http://i7.wimg.jp/closet/u803po/20160516184819319_215.jpg,ホワイト系,,,ブルー系
http://wear.jp/fumimiyu/7286246/,http://img5.zozo.jp/goodsimages/650/8073650/8073650_20_D_215.jpg,http://i7.wimg.jp/closet/xb0d28/20160621232254549_215.jpg,,http://i7.wimg.jp/closet/xb0d28/20160621232343436_215.jpg,ホワイト系,ベージュ系,,その他
http://wear.jp/zizz/7233360/,http://i7.wimg.jp/closet/hb7ibg/20160322190617132_215.jpg,http://img5.zozo.jp/goodsimages/414/12991414/12991414B_1_D_215.jpg,,http://img5.zozo.jp/goodsimages/944/10411944/10411944B_16_D_215.jpg,グリーン系,ホワイト系,,ブルー系
http://wear.jp/aberenya/7286256/,http://img5.zozo.jp/goodsimages/807/11926807/11926807_21_D_215.jpg,http://img5.zozo.jp/goodsimages/519/7115519/7115519B_1_D_215.jpg,,http://i7.wimg.jp/closet/2wbo6o/20160325031301096_215.jpg,グリーン系,ホワイト系,,ブルー系
http://wear.jp/junyu0427/7097120/,http://img5.zozo.jp/goodsimages/514/10229514/10229514_35_D_215.jpg,,,http://img5.zozo.jp/goodsimages/618/5805618/5805618B_33_D_215.jpg,グリーン系,,,ブルー系
http://wear.jp/titysan/7207065/,http://i7.wimg.jp/closet/mavg9a/20151031214833679_215.jpg,,,http://i7.wimg.jp/closet/mavg9a/20160613155801107_215.jpg,ブラック系,,,ブルー系
http://wear.jp/reoreo39/7145375/,http://img5.zozo.jp/goodsimages/652/11061652/11061652B_21_D_215.jpg,,,http://img5.zozo.jp/goodsimages/004/12262004/12262004B_34_D_215.jpg,グリーン系,,,ブルー系
http://wear.jp/gaku569/7302352/,http://img5.zozo.jp/goodsimages/510/10328510/10328510B_18_D_215.jpg,,,http://i7.wimg.jp/closet/nm3900/20160624063328606_215.jpg,グレー系,,,ブルー系
http://wear.jp/ldhnaoto7/7178203/,http://i7.wimg.jp/closet/ucsg6d/20160608151702980_215.jpg,http://img5.zozo.jp/goodsimages/822/8907822/8907822B_8_D_215.jpg,,http://i7.wimg.jp/closet/ucsg6d/20160608184654771_215.jpg,グレー系,ブラック系,,ブルー系
http://wear.jp/nanago/7165307/,http://i7.wimg.jp/closet/odmmnk/20160607010741563_215.jpg,,,http://i7.wimg.jp/closet/odmmnk/20160607010721035_215.jpg,ホワイト系,,,ブルー系
http://wear.jp/hi09048/7190657/,,,,http://i7.wimg.jp/closet/t2orwe/20160609225235972_215.jpg,,,,ブルー系
http://wear.jp/pooooon13/7154181/,http://img5.zozo.jp/goodsimages/966/11077966/11077966_1_D_215.jpg,http://i7.wimg.jp/closet/qb5v9d/20160227154411120_215.jpg,,http://img5.zozo.jp/goodsimages/072/8288072/8288072B_8_D_215.jpg,ホワイト系,その他,,ブラック系
http://wear.jp/3211dai/7189627/,http://i7.wimg.jp/closet/lczmdd/20160429114429503_215.jpg,http://i7.wimg.jp/closet/lczmdd/20160413012400269_215.jpg,,http://img5.zozo.jp/goodsimages/312/11667312/11667312B_16_D_215.jpg,ベージュ系,ホワイト系,,ブルー系
http://wear.jp/v716601/7211245/,http://img5.zozo.jp/goodsimages/971/8241971/8241971_34_D_215.jpg,,,http://i7.wimg.jp/closet/yh97jn/20161101225512418_215.jpg,ブルー系,,,ブラック系
http://wear.jp/jazz3033/7282542/,http://i7.wimg.jp/closet/z4pggg/20160621135851259_215.jpg,,,http://cdn.wimg.jp/closet/z4pggg/20170122234838473_215.jpg,グリーン系,,,ブラック系
http://wear.jp/genji/7194691/,http://img5.zozo.jp/goodsimages/126/12262126/12262126B_14_D_215.jpg,http://img5.zozo.jp/goodsimages/825/12063825/12063825_1_D_215.jpg,http://i7.wimg.jp/closet/36u6j1/20160610143809086_215.jpg,http://img5.zozo.jp/goodsimages/336/7569336/7569336B_8_D_215.jpg,ベージュ系,ホワイト系,その他,ブラック系
http://wear.jp/my2626/7203524/,http://i7.wimg.jp/closet/k2m808/20160612083957088_215.jpg,,,http://i7.wimg.jp/closet/k2m808/20160611153237880_215.jpg,ブラック系,,,ブルー系
http://wear.jp/jojojojojo/7252297/,http://i7.wimg.jp/closet/qs891f/20160417132323399_215.jpg,,,http://img5.zozo.jp/goodsimages/473/7731473/7731473_8_D_215.jpg,グレー系,,,ブラック系
http://wear.jp/kuchan11/7212340/,http://img5.zozo.jp/goodsimages/458/6694458/6694458B_20_D_215.jpg,http://img5.zozo.jp/goodsimages/462/7981462/7981462B_22_D_215.jpg,,http://img5.zozo.jp/goodsimages/575/8375575/8375575B_8_D_215.jpg,ホワイト系,グリーン系,,ブラック系
http://wear.jp/taka0915/7213992/,http://img5.zozo.jp/goodsimages/485/12426485/12426485_21_D_215.jpg,http://i7.wimg.jp/closet/o1lebn/20160612222239021_215.jpg,,http://i7.wimg.jp/closet/o1lebn/20160410204308159_215.jpg,グリーン系,ブラック系,,ホワイト系
http://wear.jp/50180518/7295215/,http://img5.zozo.jp/goodsimages/181/6728181/6728181_8_D_215.jpg,,,http://i7.wimg.jp/closet/4zexx1/20160623235311627_215.jpg,ブラック系,,,グレー系
http://wear.jp/0627pooh/7135969/,http://i7.wimg.jp/closet/f7nw2o/20160603114927172_215.jpg,http://img5.zozo.jp/goodsimages/745/2313745/2313745_18_D_215.jpg,,http://i7.wimg.jp/closet/f7nw2o/20160509230201627_215.jpg,ブラック系,グレー系,,ブラック系
http://wear.jp/daaaa32/7270431/,http://img5.zozo.jp/goodsimages/970/10585970/10585970_1_D_215.jpg,http://i7.wimg.jp/closet/nrhipy/20160424200343204_215.jpg,,http://i7.wimg.jp/closet/nrhipy/20160619211733608_215.jpg,ホワイト系,ブルー系,,ブラック系
http://wear.jp/5574dak/7181283/,http://i7.wimg.jp/item/6896073/dbb0b65e21824/20150127185412406_215.jpg,,,http://img5.zozo.jp/goodsimages/527/1665527/1665527_33_D_215.jpg,ホワイト系,,,ブルー系
http://wear.jp/stage01/7186619/,http://i7.wimg.jp/closet/os7h34/20160530142535016_215.jpg,,,http://i7.wimg.jp/closet/os7h34/20160503121029758_215.jpg,グレー系,,,ブラウン系
http://wear.jp/keiji080902/7208770/,http://img5.zozo.jp/goodsimages/399/12786399/12786399_8_D_215.jpg,,,http://i7.wimg.jp/closet/fq5sky/20160128173245050_215.jpg,ブラック系,,,ブラック系
http://wear.jp/syun0809/7144678/,http://img5.zozo.jp/goodsimages/392/12637392/12637392_103_D_215.jpg,,,http://i7.wimg.jp/closet/v0lnff/20160604133933553_215.jpg,グリーン系,,,ブルー系
http://wear.jp/take041033/7226121/,http://i7.wimg.jp/closet/mnsqig/20160507110105497_215.jpg,,,http://i7.wimg.jp/closet/mnsqig/20150810123606803_215.jpg,ブルー系,,,ブルー系
http://wear.jp/hikaru0131/7130116/,http://img5.zozo.jp/goodsimages/478/11092478/11092478B_1_D_215.jpg,,,http://img5.zozo.jp/goodsimages/502/9651502/9651502B_8_D_215.jpg,ホワイト系,,,ブラック系
http://wear.jp/ayakata512/7107442/,http://i7.wimg.jp/closet/myeovy/20160530194843450_215.jpg,,,http://i7.wimg.jp/closet/myeovy/20151102090807543_215.jpg,ブルー系,,,グレー系
http://wear.jp/uechon12/6985772/,http://img5.zozo.jp/goodsimages/293/11693293/11693293B_55_D_215.jpg,http://img5.zozo.jp/goodsimages/370/12116370/12116370B_1_D_215.jpg,,http://i7.wimg.jp/item/8828852/18e7b2a3dd128/20150618124654257_215.jpg,その他,ホワイト系,,ブルー系
http://wear.jp/lowjack1985/7149233/,http://img5.zozo.jp/goodsimages/749/11200749/11200749B_14_D_215.jpg,,,http://img5.zozo.jp/goodsimages/561/12459561/12459561_8_D_215.jpg,ベージュ系,,,ブラック系
http://wear.jp/nitruv289/7188707/,http://i7.wimg.jp/closet/8a3zcf/20160609185934928_215.jpg,http://img5.zozo.jp/goodsimages/559/12296559/12296559_1_D_215.jpg,,http://img5.zozo.jp/goodsimages/019/8788019/8788019B_8_D_215.jpg,ブラック系,ホワイト系,,ブラック系
http://wear.jp/tenpastudio/7125109/,http://i7.wimg.jp/closet/sbk4kx/20160628051903410_215.jpg,http://img5.zozo.jp/goodsimages/970/10585970/10585970_1_D_215.jpg,http://img5.zozo.jp/goodsimages/393/11338393/11338393B_18_D_215.jpg,http://img5.zozo.jp/goodsimages/894/8330894/8330894_236_D_215.jpg,ブルー系,ホワイト系,グレー系,ブルー系
http://wear.jp/qqsq6899/7146298/,http://i7.wimg.jp/closet/iv1fih/20160604215150097_215.jpg,http://img5.zozo.jp/goodsimages/991/10393991/10393991B_1_D_215.jpg,,http://i7.wimg.jp/closet/iv1fih/20160604210029393_215.jpg,その他,ホワイト系,,ブルー系
http://wear.jp/yoshi291295/7187179/,http://img5.zozo.jp/goodsimages/660/2057660/2057660_160_D_215.jpg,,,http://i7.wimg.jp/closet/ekfamw/20160610091642582_215.jpg,ベージュ系,,,グレー系
http://wear.jp/satoshi310456/7150897/,http://i7.wimg.jp/closet/s7w48z/20160605072411857_215.jpg,http://i7.wimg.jp/closet/s7w48z/20160605082021723_215.jpg,,http://img5.zozo.jp/goodsimages/301/7815301/7815301B_33_D_215.jpg,ブルー系,レッド系,,ブルー系
http://wear.jp/pon913/7300796/,http://img5.zozo.jp/goodsimages/100/7032100/7032100B_1_D_215.jpg,,,http://img5.zozo.jp/goodsimages/860/8215860/8215860B_8_D_215.jpg,ホワイト系,,,ブラック系
http://wear.jp/poyochy/7126270/,http://i7.wimg.jp/item/5425412/4b63c837e86c1/20140926152737493_215.jpg,,,http://i7.wimg.jp/closet/4l41d6/20160518092353424_215.jpg,ホワイト系,,,ブラック系
http://wear.jp/n2399/7150973/,http://i7.wimg.jp/closet/8oobho/20160605081658097_215.jpg,http://i7.wimg.jp/closet/8oobho/20160605081429166_215.jpg,http://i7.wimg.jp/closet/8oobho/20160605080450223_215.jpg,http://i7.wimg.jp/closet/8oobho/20160605084329946_215.jpg,ホワイト系,その他,ブラウン系,その他
http://wear.jp/kokw/7279483/,http://img5.zozo.jp/goodsimages/557/13007557/13007557_1_D_215.jpg,http://i7.wimg.jp/closet/lbh8qk/20160620234743151_215.jpg,http://i7.wimg.jp/closet/lbh8qk/20160620234931644_215.jpg,,ホワイト系,ホワイト系,ブラック系,
http://wear.jp/19850826/7130659/,http://i7.wimg.jp/closet/uwdws0/20160602180440420_215.jpg,,,http://i7.wimg.jp/closet/uwdws0/20150521192339216_215.jpg,ホワイト系,,,ブルー系
http://wear.jp/abcxx/7040982/,http://img5.zozo.jp/goodsimages/793/12005793/12005793B_16_D_215.jpg,http://i7.wimg.jp/closet/yowok3/20160510214349269_215.jpg,,http://img5.zozo.jp/goodsimages/814/10992814/10992814B_8_D_215.jpg,ブルー系,グレー系,,ブラック系
http://wear.jp/yuuuyawww/7145048/,http://i7.wimg.jp/closet/8m684f/20160604142631418_215.jpg,http://i7.wimg.jp/closet/8m684f/20160604142742909_215.jpg,,http://img5.zozo.jp/goodsimages/645/6856645/6856645B_8_D_215.jpg,ホワイト系,グリーン系,,ブラック系
http://wear.jp/akixm8221/7320307/,http://i7.wimg.jp/closet/m2qiyg/20160626104610527_215.jpg,,,http://i7.wimg.jp/item/9156613/9d76b4d82e127/20150718055058612_215.jpg,グリーン系,,,グレー系
http://wear.jp/tetu2nd/7216769/,http://img5.zozo.jp/goodsimages/459/11453459/11453459B_8_D_215.jpg,http://img5.zozo.jp/goodsimages/995/12786995/12786995_1_D_215.jpg,,http://img5.zozo.jp/goodsimages/269/10465269/10465269B_8_D_215.jpg,ブラック系,ホワイト系,,ブラック系
